{
	"Sources/Methods/DQFW_GetQueryObj.4dm": {
		"startSelection": 29,
		"endSelection": 29,
		"firstSelectedLine": 7,
		"lastSelectedLine": 7,
		"folding": [],
		"bookmarks": [],
		"stamp": "2024-11-09T17:27:58.708Z"
	},
	"Sources/Methods/DQFW_ParseQuery.4dm": {
		"startSelection": 11,
		"endSelection": 26,
		"firstSelectedLine": 1,
		"lastSelectedLine": 1,
		"folding": [],
		"bookmarks": [],
		"stamp": "2024-11-09T17:39:50.974Z"
	},
	"Sources/Methods/DQFW_Stringify.4dm": {
		"startSelection": 7,
		"endSelection": 7,
		"firstSelectedLine": 39,
		"lastSelectedLine": 39,
		"folding": [],
		"bookmarks": [],
		"stamp": "2024-11-09T17:53:03.690Z"
	},
	"Sources/Methods/CACHE_Update.4dm": {
		"startSelection": 30,
		"endSelection": 30,
		"firstSelectedLine": 40,
		"lastSelectedLine": 40,
		"folding": [],
		"bookmarks": [],
		"stamp": "2024-11-09T18:49:15.824Z"
	},
	"Sources/Methods/ENTITY_ImportFromJSONFile.4dm": {
		"startSelection": 85,
		"endSelection": 85,
		"firstSelectedLine": 15,
		"lastSelectedLine": 15,
		"folding": [],
		"bookmarks": [],
		"stamp": "2024-11-17T21:08:18.996Z"
	},
	"Sources/Methods/SBK_AddModify.4dm": {
		"startSelection": 35,
		"endSelection": 35,
		"firstSelectedLine": 48,
		"lastSelectedLine": 48,
		"folding": [],
		"bookmarks": [],
		"stamp": "2024-11-09T23:24:33.716Z"
	},
	"Sources/Methods/SBK_AddModifyHndl.4dm": {
		"startSelection": 23,
		"endSelection": 23,
		"firstSelectedLine": 29,
		"lastSelectedLine": 29,
		"folding": [],
		"bookmarks": [],
		"stamp": "2024-11-09T23:27:23.087Z"
	},
	"Sources/Methods/SBK_AdministrationHndl.4dm": {
		"startSelection": 0,
		"endSelection": 0,
		"firstSelectedLine": 360,
		"lastSelectedLine": 360,
		"folding": [],
		"bookmarks": [],
		"stamp": "2024-11-17T21:03:48.063Z"
	},
	"Sources/Methods/SBK_AdministrationLBXHndl.4dm": {
		"startSelection": 0,
		"endSelection": 0,
		"firstSelectedLine": 0,
		"lastSelectedLine": 0,
		"folding": [],
		"bookmarks": [],
		"stamp": "2024-11-09T18:31:31.788Z"
	},
	"Sources/Methods/SBK_Edit.4dm": {
		"startSelection": 11,
		"endSelection": 19,
		"firstSelectedLine": 1,
		"lastSelectedLine": 1,
		"folding": [],
		"bookmarks": [],
		"stamp": "2024-11-09T23:24:25.271Z"
	},
	"Sources/Methods/SBK_Get.4dm": {
		"startSelection": 68,
		"endSelection": 68,
		"firstSelectedLine": 4,
		"lastSelectedLine": 4,
		"folding": [],
		"bookmarks": [],
		"stamp": "2024-11-09T23:27:28.813Z"
	},
	"Sources/Methods/SBK_ManagerHndl.4dm": {
		"startSelection": 0,
		"endSelection": 0,
		"firstSelectedLine": 36,
		"lastSelectedLine": 36,
		"folding": [
			32,
			42,
			55,
			68,
			114,
			154
		],
		"bookmarks": [],
		"stamp": "2024-11-17T20:39:23.546Z"
	},
	"Sources/Methods/SBK_Search.4dm": {
		"startSelection": 0,
		"endSelection": 0,
		"firstSelectedLine": 0,
		"lastSelectedLine": 0,
		"folding": [],
		"bookmarks": [],
		"stamp": "2024-11-09T17:30:56.335Z"
	},
	"Sources/Methods/SBK_SearchHndl.4dm": {
		"startSelection": 0,
		"endSelection": 0,
		"firstSelectedLine": 0,
		"lastSelectedLine": 0,
		"folding": [],
		"bookmarks": [],
		"stamp": "2024-11-09T17:30:56.335Z"
	},
	"Sources/Methods/SBK_SetSystem.4dm": {
		"startSelection": 0,
		"endSelection": 0,
		"firstSelectedLine": 62,
		"lastSelectedLine": 62,
		"folding": [],
		"bookmarks": [],
		"stamp": "2024-11-17T18:02:57.227Z"
	},
	"Sources/Methods/SBK_ShowSystemsBook.4dm": {
		"startSelection": 0,
		"endSelection": 0,
		"firstSelectedLine": 0,
		"lastSelectedLine": 0,
		"folding": [],
		"bookmarks": [],
		"stamp": "2024-11-17T17:33:12.141Z"
	},
	"Sources/Methods/UTIL_ChangeType.4dm": {
		"startSelection": 0,
		"endSelection": 0,
		"firstSelectedLine": 0,
		"lastSelectedLine": 0,
		"folding": [],
		"bookmarks": [],
		"stamp": "2024-11-09T17:30:56.325Z"
	},
	"Sources/Methods/UTIL_ParseJSONStr.4dm": {
		"startSelection": 0,
		"endSelection": 0,
		"firstSelectedLine": 0,
		"lastSelectedLine": 0,
		"folding": [],
		"bookmarks": [],
		"stamp": "2024-11-09T18:31:31.790Z"
	},
	"Sources/Methods/UTIL_SetObjValues.4dm": {
		"startSelection": 0,
		"endSelection": 0,
		"firstSelectedLine": 0,
		"lastSelectedLine": 0,
		"folding": [],
		"bookmarks": [],
		"stamp": "2024-11-09T18:40:51.310Z"
	},
	"Sources/Methods/UTIL_ValidateAttrName.4dm": {
		"startSelection": 36,
		"endSelection": 36,
		"firstSelectedLine": 44,
		"lastSelectedLine": 44,
		"folding": [],
		"bookmarks": [],
		"stamp": "2024-11-09T18:44:47.847Z"
	},
	"Sources/Methods/WDGT_ConfigColumns.4dm": {
		"startSelection": 0,
		"endSelection": 0,
		"firstSelectedLine": 0,
		"lastSelectedLine": 0,
		"folding": [],
		"bookmarks": [],
		"stamp": "2024-11-09T17:30:56.326Z"
	},
	"Sources/Methods/WDGT_Select.4dm": {
		"startSelection": 0,
		"endSelection": 0,
		"firstSelectedLine": 0,
		"lastSelectedLine": 0,
		"folding": [],
		"bookmarks": [],
		"stamp": "2024-11-09T18:40:51.308Z"
	},
	"Sources/Methods/SBK_GetRecentQryList.4dm": {
		"startSelection": 21,
		"endSelection": 21,
		"firstSelectedLine": 28,
		"lastSelectedLine": 28,
		"folding": [],
		"bookmarks": [],
		"stamp": "2024-11-17T19:11:22.442Z"
	},
	"Sources/Methods/WDGT_SelectObjectHndl.4dm": {
		"startSelection": 20,
		"endSelection": 20,
		"firstSelectedLine": 23,
		"lastSelectedLine": 23,
		"folding": [],
		"bookmarks": [],
		"stamp": "2024-11-09T18:49:48.365Z"
	},
	"Sources/Methods/WIND_OpenWindow.4dm": {
		"startSelection": 0,
		"endSelection": 0,
		"firstSelectedLine": 0,
		"lastSelectedLine": 0,
		"folding": [],
		"bookmarks": [],
		"stamp": "2024-11-09T17:30:56.288Z"
	},
	"Sources/Methods/DBQueries.4dm": {
		"startSelection": 0,
		"endSelection": 0,
		"firstSelectedLine": 0,
		"lastSelectedLine": 0,
		"folding": [],
		"bookmarks": [],
		"stamp": "2024-11-09T20:26:01.919Z"
	},
	"Sources/Methods/DQFW_InitDBAliases.4dm": {
		"startSelection": 0,
		"endSelection": 0,
		"firstSelectedLine": 16,
		"lastSelectedLine": 16,
		"folding": [],
		"bookmarks": [],
		"stamp": "2024-11-14T02:56:55.970Z"
	},
	"Sources/Methods/IMPORT_TestData.4dm": {
		"startSelection": 11,
		"endSelection": 11,
		"firstSelectedLine": 119,
		"lastSelectedLine": 119,
		"folding": [],
		"bookmarks": [],
		"stamp": "2024-11-17T21:04:23.463Z"
	},
	"Sources/Methods/DQFW_QueryTable.4dm": {
		"startSelection": 21,
		"endSelection": 21,
		"firstSelectedLine": 112,
		"lastSelectedLine": 112,
		"folding": [],
		"bookmarks": [],
		"stamp": "2024-11-17T19:29:27.755Z"
	},
	"Sources/Methods/TEST_QueryForm.4dm": {
		"startSelection": 0,
		"endSelection": 0,
		"firstSelectedLine": 1,
		"lastSelectedLine": 1,
		"folding": [],
		"bookmarks": [],
		"stamp": "2024-11-17T17:51:25.814Z"
	},
	"Sources/Methods/DQFW_InitRecentQueries.4dm": {
		"startSelection": 61,
		"endSelection": 61,
		"firstSelectedLine": 3,
		"lastSelectedLine": 3,
		"folding": [],
		"bookmarks": [],
		"stamp": "2024-11-17T19:50:24.480Z"
	},
	"Sources/DatabaseMethods/onStartup.4dm": {
		"startSelection": 6,
		"endSelection": 6,
		"firstSelectedLine": 1,
		"lastSelectedLine": 1,
		"folding": [],
		"bookmarks": [],
		"stamp": "2024-11-17T20:14:48.059Z"
	},
	"Sources/Methods/DQFW_QueryFormLBXSelect.4dm": {
		"startSelection": 0,
		"endSelection": 0,
		"firstSelectedLine": 39,
		"lastSelectedLine": 39,
		"folding": [],
		"bookmarks": [],
		"stamp": "2024-11-17T20:16:27.946Z"
	},
	"Sources/Methods/DQFW_QueryFormLBXHndl.4dm": {
		"startSelection": 26,
		"endSelection": 26,
		"firstSelectedLine": 35,
		"lastSelectedLine": 35,
		"folding": [
			25,
			78,
			117,
			124,
			137
		],
		"bookmarks": [],
		"stamp": "2024-11-17T19:31:44.424Z"
	},
	"Sources/Methods/DQFW_QueryFormObjectHndl.4dm": {
		"startSelection": 9,
		"endSelection": 9,
		"firstSelectedLine": 315,
		"lastSelectedLine": 315,
		"folding": [
			131
		],
		"bookmarks": [],
		"stamp": "2024-11-17T21:02:44.631Z"
	},
	"Sources/Methods/DQFW_QueryFormSelectRecent.4dm": {
		"startSelection": 0,
		"endSelection": 0,
		"firstSelectedLine": 0,
		"lastSelectedLine": 0,
		"folding": [],
		"bookmarks": [],
		"stamp": "2024-11-09T17:30:56.327Z"
	},
	"Sources/Forms/DQFW_QueryTable/method.4dm": {
		"startSelection": 36,
		"endSelection": 36,
		"firstSelectedLine": 10,
		"lastSelectedLine": 10,
		"folding": [],
		"bookmarks": [],
		"stamp": "2024-11-17T19:29:38.395Z"
	},
	"Sources/Methods/DQFW_InitLists.4dm": {
		"startSelection": 0,
		"endSelection": 0,
		"firstSelectedLine": 36,
		"lastSelectedLine": 36,
		"folding": [],
		"bookmarks": [],
		"stamp": "2024-11-17T20:19:11.730Z"
	},
	"Sources/Methods/PurgeData.4dm": {
		"startSelection": 0,
		"endSelection": 0,
		"firstSelectedLine": 14,
		"lastSelectedLine": 14,
		"folding": [],
		"bookmarks": [],
		"stamp": "2024-11-14T03:00:55.449Z"
	},
	"Sources/Methods/UTIL_ImportEntity.4dm": {
		"startSelection": 11,
		"endSelection": 28,
		"firstSelectedLine": 0,
		"lastSelectedLine": 0,
		"folding": [],
		"bookmarks": [],
		"stamp": "2024-11-09T17:30:56.316Z"
	},
	"Sources/Forms/SBK_Manager/ObjectMethods/BttnDelete.4dm": {
		"startSelection": 9,
		"endSelection": 9,
		"firstSelectedLine": 9,
		"lastSelectedLine": 9,
		"folding": [],
		"bookmarks": [],
		"stamp": "2024-11-09T17:30:56.957Z"
	},
	"Sources/Methods/UTIL_ImportTable.4dm": {
		"startSelection": 11,
		"endSelection": 27,
		"firstSelectedLine": 1,
		"lastSelectedLine": 1,
		"folding": [],
		"bookmarks": [],
		"stamp": "2024-11-17T21:04:09.132Z"
	},
	"Sources/Methods/ENTITY_Export2JSONFile.4dm": {
		"startSelection": 0,
		"endSelection": 0,
		"firstSelectedLine": 0,
		"lastSelectedLine": 0,
		"folding": [],
		"bookmarks": [],
		"stamp": "2024-11-09T17:30:56.315Z"
	}
}