{
	"Sources/Methods/DQFW_GetQueryObj.4dm": {
		"left": 621,
		"top": 332,
		"width": 1250,
		"height": 692
	},
	"Sources/Methods/DQFW_ParseQuery.4dm": {
		"left": 1078,
		"top": 124,
		"width": 965,
		"height": 1082
	},
	"Sources/Methods/DQFW_Stringify.4dm": {
		"left": 1042,
		"top": 111,
		"width": 965,
		"height": 1082
	},
	"Sources/Methods/CACHE_Update.4dm": {
		"left": 67,
		"top": 165,
		"width": 965,
		"height": 1027
	},
	"Sources/Methods/ENTITY_ImportFromJSONFile.4dm": {
		"left": 68,
		"top": 165,
		"width": 965,
		"height": 1027
	},
	"Sources/Methods/SBK_AddModify.4dm": {
		"left": 515,
		"top": 148,
		"width": 965,
		"height": 958
	},
	"Sources/Methods/SBK_AddModifyHndl.4dm": {
		"left": 1012,
		"top": 186,
		"width": 965,
		"height": 958
	},
	"Sources/Methods/SBK_AdministrationHndl.4dm": {
		"left": 1108,
		"top": 142,
		"width": 965,
		"height": 958
	},
	"Sources/Methods/SBK_AdministrationLBXHndl.4dm": {
		"left": 1108,
		"top": 142,
		"width": 965,
		"height": 958
	},
	"Sources/Methods/SBK_Edit.4dm": {
		"left": 1108,
		"top": 142,
		"width": 965,
		"height": 958
	},
	"Sources/Methods/SBK_Get.4dm": {
		"left": 1108,
		"top": 142,
		"width": 965,
		"height": 958
	},
	"Sources/Methods/SBK_ManagerHndl.4dm": {
		"left": 1108,
		"top": 142,
		"width": 965,
		"height": 867
	},
	"Sources/Methods/SBK_Search.4dm": {
		"left": 1108,
		"top": 142,
		"width": 965,
		"height": 958
	},
	"Sources/Methods/SBK_SearchHndl.4dm": {
		"left": 1108,
		"top": 142,
		"width": 965,
		"height": 958
	},
	"Sources/Methods/SBK_SetSystem.4dm": {
		"left": 1007,
		"top": 229,
		"width": 965,
		"height": 958
	},
	"Sources/Methods/SBK_ShowSystemsBook.4dm": {
		"left": 1108,
		"top": 142,
		"width": 965,
		"height": 958
	},
	"Sources/Methods/UTIL_ChangeType.4dm": {
		"left": 1108,
		"top": 142,
		"width": 965,
		"height": 958
	},
	"Sources/Methods/UTIL_ParseJSONStr.4dm": {
		"left": 1108,
		"top": 142,
		"width": 965,
		"height": 958
	},
	"Sources/Methods/UTIL_SetObjValues.4dm": {
		"left": 1108,
		"top": 142,
		"width": 965,
		"height": 958
	},
	"Sources/Methods/UTIL_ValidateAttrName.4dm": {
		"left": 1108,
		"top": 142,
		"width": 965,
		"height": 958
	},
	"Sources/Methods/WDGT_ConfigColumns.4dm": {
		"left": 1108,
		"top": 142,
		"width": 965,
		"height": 958
	},
	"Sources/Methods/WDGT_Select.4dm": {
		"left": 1108,
		"top": 142,
		"width": 965,
		"height": 958
	},
	"Sources/Methods/SBK_GetRecentQryList.4dm": {
		"left": 1122,
		"top": 125,
		"width": 965,
		"height": 878
	},
	"Sources/Methods/WDGT_SelectObjectHndl.4dm": {
		"left": 1108,
		"top": 142,
		"width": 965,
		"height": 958
	},
	"Sources/Methods/WIND_OpenWindow.4dm": {
		"left": 1108,
		"top": 142,
		"width": 965,
		"height": 958
	},
	"Sources/Methods/DBQueries.4dm": {
		"left": 1108,
		"top": 142,
		"width": 965,
		"height": 958
	},
	"Sources/Methods/DQFW_InitDBAliases.4dm": {
		"left": 1074,
		"top": 269,
		"width": 965,
		"height": 729
	},
	"Sources/Methods/IMPORT_TestData.4dm": {
		"left": 1028,
		"top": 247,
		"width": 1000,
		"height": 646
	},
	"Sources/Methods/DQFW_QueryTable.4dm": {
		"left": 930,
		"top": 216,
		"width": 1096,
		"height": 925
	},
	"Sources/Methods/TEST_QueryForm.4dm": {
		"left": 559,
		"top": 461,
		"width": 868,
		"height": 589
	},
	"Sources/Methods/DQFW_InitRecentQueries.4dm": {
		"left": 1007,
		"top": 176,
		"width": 965,
		"height": 958
	},
	"Sources/DatabaseMethods/onStartup.4dm": {
		"left": 460,
		"top": 318,
		"width": 1376,
		"height": 1014
	},
	"Sources/Methods/DQFW_QueryFormLBXSelect.4dm": {
		"left": 1025,
		"top": 208,
		"width": 965,
		"height": 1027
	},
	"Sources/Methods/DQFW_QueryFormLBXHndl.4dm": {
		"left": 1117,
		"top": 317,
		"width": 965,
		"height": 1027
	},
	"Sources/Methods/DQFW_QueryFormObjectHndl.4dm": {
		"left": 765,
		"top": 203,
		"width": 965,
		"height": 958
	},
	"Sources/Methods/DQFW_QueryFormSelectRecent.4dm": {
		"left": 1108,
		"top": 142,
		"width": 965,
		"height": 958
	},
	"Sources/Forms/DQFW_QueryTable/method.4dm": {
		"left": 407,
		"top": 154,
		"width": 965,
		"height": 1027
	},
	"Sources/Methods/DQFW_InitLists.4dm": {
		"left": 121,
		"top": 183,
		"width": 1279,
		"height": 957
	},
	"Sources/Methods/PurgeData.4dm": {
		"left": 1031,
		"top": 506,
		"width": 965,
		"height": 657
	},
	"Sources/Methods/UTIL_ImportEntity.4dm": {
		"left": 1071,
		"top": 253,
		"width": 965,
		"height": 1027
	},
	"Sources/Forms/SBK_Manager/ObjectMethods/BttnDelete.4dm": {
		"left": 1108,
		"top": 142,
		"width": 965,
		"height": 867
	},
	"Sources/Methods/UTIL_ImportTable.4dm": {
		"left": 1108,
		"top": 142,
		"width": 965,
		"height": 958
	},
	"Sources/Methods/ENTITY_Export2JSONFile.4dm": {
		"left": 68,
		"top": 165,
		"width": 965,
		"height": 1027
	}
}