{
	"editors": [
		{
			"type": "explorer"
		},
		{
			"type": "method",
			"id": 2147483622,
			"codeDescriptor": {
				"type": 1,
				"methodName": "UTIL_ParseJSONStr"
			}
		},
		{
			"type": "method",
			"id": 2147483631,
			"codeDescriptor": {
				"type": 1,
				"methodName": "UTIL_ValidateAttrName"
			}
		},
		{
			"type": "method",
			"id": 2147483612,
			"codeDescriptor": {
				"type": 1,
				"methodName": "UTIL_ImportTable"
			}
		},
		{
			"type": "method",
			"id": 2147483639,
			"codeDescriptor": {
				"type": 1,
				"methodName": "DQFW_QueryFormObjectHndl"
			}
		},
		{
			"type": "method",
			"id": 2147483613,
			"codeDescriptor": {
				"type": 1,
				"methodName": "DQFW_ParseQuery"
			}
		}
	]
}