﻿<?xml version="1.0" encoding="UTF-8" standalone="no" ?>

<!DOCTYPE macros SYSTEM "http://www.4d.com/dtd/2007/macros.dtd" >

<!--
Description
This file is created in the 4D folder at the first launch of the database.
It automatically creates several macro commands that can be enriched or modified.
You can also add all the macros required for your own development needs manually.

List of default macro commands.

P&B Software Solutions
_________________________________________________________________________________
"mMH"	Header for method name

"mMM" Adds 4D user name and date for development in multi-user environment

"mMU" Select the $QMUYYMMDD variable and this macro will replace it with the current reverse date

"mMC" Type // first and then mMC for comment developer stamp

"LoopRecord" Standard For Loop for records


Logical blocks
_________________________________________________________________________________
If "If" logical block
IfElse "If" logical block with an "Else" proposition
CaseOf "Case" logical block
While "While" logical block
For "For" logical block
Repeat "Repeat" logical block

Frequently-used database blocks
_________________________________________________________________________________
"LoopRecord" Loop on a table selection with saving of record (use a table name as selection)
"LoopRecordNoSave" Loop on a table selection without saving records (use a table name as selection)

Useful blocks
_________________________________________________________________________________
"Header"	Header for method name
"CodeModif" Adds 4D user name and date for development in multi-user environment
-->

<macros>


<!-- Office Pro Macros
_________________________________________________________________________________
-->

<macro name="mMH-Method Header">
<text>//--------------------------------------------
// Method: <method_name/> ()
// Parameters: none
// Description:
// Assumptions
// Creator: Juan Carlos Perez

C_BOOLEAN($JCPEREZ_2023MMDDx) // <date format="0"/>  <time format="5"/> - New routine
<caret/>
</text>
</macro>

<macro name="mMM-Method Developer Stamp">
<text>C_BOOLEAN($JCPEREZ_2023MMDDx) // DEV_DATE: <date format="0"/>  <time format="5"/> - <caret/>
</text>
</macro>

<macro name="mMU-Method Update">
<text>$QMU220601</text>
</macro>

<macro name="mMC-Method Comment Developer Stamp" type_ahead="true">
<text> // <date format="0"/> - $JCPEREZ_2023MMDDx</text>
</macro>

<macro name="mMS-Method Comment BLOCK START" type_ahead="true">
<text> // <date format="0"/> - $JCPEREZ_2023MMDDx: CODE START</text>
</macro>

<macro name="mME-Method Comment BLOCK END" type_ahead="true">
<text> // <date format="0"/> - $JCPEREZ_2023MMDDx: CODE END</text>
</macro>

<macro name="For	LoopRecord">
<text>$iRecsInSel:=records in selection(<selection/>)
prgr_reset($iRecsInSel;"Processing: ";true)
for($i;1;$iRecsInSel)
$i;$f;$t;$iEnd;$iField;$iFieldCount;$iFieldNo;$iFound;$iReqFields;$iRequired;$iStart;$iTableCount;$iTableNo($i;"")
goto selected record(<selection/>;$i)
if(locknload(-><selection/>;5;true))
// processing
save record(<selection/>)
else
// record locked
end if
end for

</text>
</macro>

<!-- 4D Macros
_________________________________________________________________________________
-->

<!-- Menu Separator -->
<macro name="-" in_menu="true"></macro>


<!-- Logical blocks -->
<macro name="Increment">
<text><selection/>:=<selection/>+1<caret/></text>
</macro>
	
<macro name="Decrement">
<text><selection/>:=<selection/>-1<caret/></text>
</macro>

<!-- Logical blocks -->
<macro name="If">
<text>If(<caret/>)
<selection/>
End if
</text>
</macro>

<macro name="IfElse">
<text>If(<caret/>)
<selection/>
Else

End if
</text>
</macro>

<macro name="CaseOf">
<text>Case of
:(<caret/>)
<selection/>
End case
</text>
</macro>

<macro name="While">
<text>While(<caret/>)
<selection/>
End while
</text>
</macro>

<macro name="For">
<text>For(<caret/>;;)
<selection/>
End for
</text>
</macro>

<macro name="Repeat">
<text>Repeat
<selection/>
Until(<caret/>)
</text>
</macro>

<!-- Frequent database blocks -->
<macro name="LoopRecord">
<text>While (Not(End selection(<selection/>)))
<caret/>
Save Record(<selection/>)
Next Record(<selection/>)
End while
</text>
</macro>

<macro name="LoopRecordNoSave">
<text>While (Not(End selection(<selection/>)))
<caret/>
Next Record(<selection/>)
End while
</text>
</macro>

</macros>
